ID,Label
22167.jpg,forest
21569.jpg,sea
22459.jpg,sea
23791.jpg,forest
22991.jpg,glacier
23853.jpg,forest
21805.jpg,glacier
21161.jpg,glacier
20070.jpg,street
21469.jpg,glacier
20662.jpg,glacier
20648.jpg,buildings
20882.jpg,sea
22265.jpg,glacier
24050.jpg,buildings
21685.jpg,forest
24309.jpg,sea
24154.jpg,mountain
22725.jpg,street
24123.jpg,sea
21287.jpg,street
23191.jpg,street
23498.jpg,forest
21461.jpg,buildings
21105.jpg,forest
23463.jpg,forest
20083.jpg,street
21900.jpg,forest
21876.jpg,mountain
20344.jpg,buildings
20448.jpg,forest
24153.jpg,street
23923.jpg,glacier
21596.jpg,glacier
22859.jpg,mountain
23684.jpg,glacier
21840.jpg,sea
23419.jpg,sea
22632.jpg,street
22129.jpg,sea
23212.jpg,sea
20647.jpg,sea
22804.jpg,mountain
22145.jpg,mountain
22165.jpg,mountain
23521.jpg,sea
21655.jpg,sea
22172.jpg,forest
23785.jpg,glacier
22015.jpg,glacier
20166.jpg,forest
24237.jpg,sea
20950.jpg,glacier
24141.jpg,street
23749.jpg,street
22668.jpg,street
20921.jpg,glacier
24022.jpg,glacier
21062.jpg,street
20198.jpg,glacier
24133.jpg,glacier
22520.jpg,glacier
22401.jpg,forest
24147.jpg,glacier
21792.jpg,street
23156.jpg,forest
23297.jpg,buildings
20116.jpg,glacier
22150.jpg,buildings
21875.jpg,mountain
20972.jpg,street
21272.jpg,sea
23956.jpg,glacier
23174.jpg,glacier
20064.jpg,buildings
22925.jpg,glacier
22496.jpg,buildings
21163.jpg,sea
22928.jpg,mountain
23744.jpg,glacier
21298.jpg,buildings
21486.jpg,mountain
20475.jpg,glacier
24004.jpg,mountain
21865.jpg,glacier
21061.jpg,sea
20763.jpg,mountain
20702.jpg,mountain
20709.jpg,buildings
22140.jpg,glacier
20986.jpg,mountain
22951.jpg,street
20691.jpg,mountain
23304.jpg,buildings
20974.jpg,mountain
22970.jpg,street
22414.jpg,sea
23442.jpg,buildings
21578.jpg,mountain
20384.jpg,forest
22399.jpg,glacier
21556.jpg,glacier
21810.jpg,street
22350.jpg,sea
21503.jpg,street
24023.jpg,buildings
22024.jpg,street
22775.jpg,glacier
24297.jpg,glacier
21320.jpg,mountain
22988.jpg,street
23841.jpg,sea
21368.jpg,glacier
20304.jpg,sea
24011.jpg,glacier
23564.jpg,buildings
22425.jpg,street
22339.jpg,buildings
23012.jpg,buildings
22858.jpg,mountain
20949.jpg,glacier
22214.jpg,mountain
22606.jpg,glacier
23418.jpg,glacier
22631.jpg,glacier
20549.jpg,buildings
21407.jpg,mountain
20225.jpg,forest
22296.jpg,buildings
24143.jpg,forest
22522.jpg,sea
20222.jpg,street
22899.jpg,buildings
23096.jpg,mountain
20848.jpg,sea
22574.jpg,sea
20565.jpg,mountain
21022.jpg,sea
20947.jpg,forest
21410.jpg,street
21699.jpg,forest
24130.jpg,forest
23334.jpg,mountain
22844.jpg,mountain
22927.jpg,glacier
23448.jpg,glacier
20816.jpg,forest
23721.jpg,street
23875.jpg,forest
23766.jpg,street
20818.jpg,street
22038.jpg,mountain
22243.jpg,forest
22555.jpg,sea
20099.jpg,sea
22502.jpg,glacier
21775.jpg,sea
22711.jpg,sea
21422.jpg,forest
23058.jpg,sea
20081.jpg,sea
23609.jpg,mountain
20825.jpg,forest
20137.jpg,street
24127.jpg,mountain
22637.jpg,buildings
21291.jpg,buildings
23879.jpg,forest
21649.jpg,sea
20305.jpg,sea
24279.jpg,mountain
22973.jpg,forest
20329.jpg,glacier
22864.jpg,mountain
23355.jpg,buildings
20131.jpg,buildings
20735.jpg,sea
20553.jpg,buildings
21972.jpg,forest
20835.jpg,street
21343.jpg,mountain
22433.jpg,sea
22947.jpg,forest
23101.jpg,forest
20430.jpg,buildings
23179.jpg,buildings
22223.jpg,street
20163.jpg,street
23547.jpg,street
21303.jpg,glacier
23769.jpg,sea
20635.jpg,buildings
22098.jpg,buildings
23421.jpg,street
21409.jpg,glacier
20533.jpg,forest
24060.jpg,glacier
21864.jpg,forest
21535.jpg,sea
20737.jpg,street
22740.jpg,sea
24101.jpg,street
22152.jpg,buildings
23476.jpg,forest
21234.jpg,sea
22640.jpg,buildings
21526.jpg,street
21363.jpg,mountain
22074.jpg,forest
21995.jpg,glacier
23180.jpg,mountain
24315.jpg,sea
21564.jpg,street
22660.jpg,glacier
21006.jpg,sea
21697.jpg,mountain
22849.jpg,sea
22202.jpg,mountain
24211.jpg,glacier
22801.jpg,street
22374.jpg,sea
23554.jpg,buildings
24110.jpg,forest
20738.jpg,mountain
20522.jpg,mountain
21274.jpg,glacier
23909.jpg,glacier
24280.jpg,street
22967.jpg,street
24249.jpg,sea
22847.jpg,forest
21138.jpg,buildings
24080.jpg,mountain
23540.jpg,forest
23361.jpg,mountain
21522.jpg,street
23942.jpg,mountain
20794.jpg,forest
23643.jpg,street
22811.jpg,mountain
22599.jpg,mountain
23272.jpg,sea
23590.jpg,buildings
23186.jpg,buildings
23686.jpg,mountain
24179.jpg,street
23711.jpg,mountain
21220.jpg,street
22710.jpg,buildings
24034.jpg,sea
21492.jpg,mountain
23899.jpg,glacier
21934.jpg,glacier
24032.jpg,mountain
21430.jpg,forest
20658.jpg,glacier
23161.jpg,forest
22774.jpg,forest
20714.jpg,forest
23462.jpg,forest
21715.jpg,forest
22116.jpg,forest
21237.jpg,sea
22475.jpg,glacier
24159.jpg,street
24013.jpg,glacier
23257.jpg,sea
22447.jpg,buildings
23268.jpg,forest
23194.jpg,sea
21750.jpg,mountain
23253.jpg,street
22241.jpg,mountain
21929.jpg,street
22293.jpg,forest
23512.jpg,buildings
20317.jpg,mountain
24019.jpg,street
21176.jpg,glacier
21923.jpg,buildings
20231.jpg,buildings
20805.jpg,street
20111.jpg,glacier
22503.jpg,mountain
23154.jpg,mountain
21702.jpg,sea
21646.jpg,buildings
22417.jpg,street
22484.jpg,sea
22398.jpg,mountain
22180.jpg,glacier
20561.jpg,street
24108.jpg,forest
23683.jpg,buildings
24284.jpg,mountain
24226.jpg,forest
22629.jpg,forest
21243.jpg,buildings
22280.jpg,forest
20781.jpg,mountain
21169.jpg,forest
22087.jpg,forest
22491.jpg,sea
20868.jpg,glacier
21221.jpg,buildings
20056.jpg,forest
21310.jpg,forest
20283.jpg,sea
22380.jpg,buildings
23466.jpg,sea
22608.jpg,mountain
21314.jpg,mountain
24230.jpg,street
22210.jpg,buildings
22871.jpg,mountain
22325.jpg,sea
22943.jpg,sea
21942.jpg,glacier
21691.jpg,glacier
23427.jpg,glacier
20450.jpg,forest
21771.jpg,glacier
20929.jpg,forest
23635.jpg,buildings
24033.jpg,forest
20684.jpg,mountain
21434.jpg,street
23491.jpg,forest
21040.jpg,mountain
20800.jpg,forest
20998.jpg,glacier
22563.jpg,street
24218.jpg,glacier
23407.jpg,forest
23578.jpg,glacier
23608.jpg,glacier
20606.jpg,buildings
20630.jpg,buildings
23271.jpg,street
20619.jpg,forest
21013.jpg,mountain
20863.jpg,street
23926.jpg,sea
23760.jpg,forest
22569.jpg,forest
20520.jpg,sea
20622.jpg,buildings
22462.jpg,buildings
22057.jpg,street
24193.jpg,glacier
20401.jpg,mountain
22154.jpg,sea
21926.jpg,glacier
21893.jpg,mountain
22700.jpg,mountain
22064.jpg,street
23713.jpg,forest
21546.jpg,glacier
20257.jpg,sea
23703.jpg,glacier
24241.jpg,forest
23450.jpg,sea
24277.jpg,glacier
21096.jpg,mountain
22424.jpg,glacier
20713.jpg,glacier
24096.jpg,sea
21533.jpg,sea
21982.jpg,glacier
23276.jpg,forest
20733.jpg,buildings
21156.jpg,glacier
21245.jpg,sea
24163.jpg,sea
23936.jpg,mountain
23368.jpg,forest
20341.jpg,sea
23900.jpg,sea
22187.jpg,glacier
22434.jpg,forest
21294.jpg,street
22421.jpg,street
22369.jpg,buildings
21101.jpg,street
20441.jpg,buildings
20330.jpg,forest
22317.jpg,buildings
20555.jpg,buildings
22703.jpg,forest
20508.jpg,glacier
20306.jpg,forest
23507.jpg,forest
20776.jpg,buildings
20124.jpg,sea
23014.jpg,street
21617.jpg,buildings
22470.jpg,street
22952.jpg,street
24266.jpg,sea
23246.jpg,mountain
22255.jpg,buildings
24129.jpg,sea
23715.jpg,glacier
21979.jpg,mountain
22163.jpg,buildings
22771.jpg,forest
23172.jpg,sea
21510.jpg,street
22588.jpg,sea
22311.jpg,street
20846.jpg,street
20173.jpg,forest
23998.jpg,sea
20928.jpg,buildings
20720.jpg,glacier
20910.jpg,glacier
23283.jpg,mountain
22259.jpg,glacier
21277.jpg,sea
21935.jpg,glacier
21505.jpg,buildings
21358.jpg,forest
21356.jpg,mountain
23565.jpg,glacier
20624.jpg,glacier
20218.jpg,buildings
20236.jpg,sea
23792.jpg,glacier
21794.jpg,forest
22004.jpg,forest
21069.jpg,street
23220.jpg,buildings
21906.jpg,glacier
22171.jpg,buildings
23405.jpg,buildings
20388.jpg,street
24119.jpg,buildings
23225.jpg,street
22191.jpg,mountain
20563.jpg,forest
20531.jpg,mountain
22821.jpg,buildings
21601.jpg,buildings
23795.jpg,street
23004.jpg,sea
24262.jpg,buildings
20762.jpg,mountain
21468.jpg,mountain
22675.jpg,sea
23552.jpg,glacier
21318.jpg,buildings
24049.jpg,glacier
20431.jpg,buildings
22731.jpg,forest
21447.jpg,street
22623.jpg,sea
20672.jpg,sea
20666.jpg,buildings
23700.jpg,forest
23801.jpg,sea
23872.jpg,sea
23937.jpg,street
22944.jpg,forest
22199.jpg,mountain
23815.jpg,buildings
23386.jpg,forest
23520.jpg,mountain
21814.jpg,forest
23987.jpg,forest
22843.jpg,buildings
23228.jpg,street
21414.jpg,sea
21973.jpg,sea
23910.jpg,glacier
23036.jpg,sea
23825.jpg,buildings
21956.jpg,forest
21369.jpg,mountain
21903.jpg,mountain
23110.jpg,forest
20811.jpg,sea
23549.jpg,sea
23731.jpg,sea
23044.jpg,glacier
20567.jpg,sea
23833.jpg,buildings
22845.jpg,forest
22451.jpg,glacier
23339.jpg,glacier
21575.jpg,glacier
22003.jpg,sea
22107.jpg,sea
21729.jpg,sea
22271.jpg,sea
23211.jpg,street
21426.jpg,buildings
21049.jpg,glacier
21325.jpg,forest
21860.jpg,sea
23636.jpg,glacier
20313.jpg,sea
21895.jpg,mountain
24181.jpg,glacier
21121.jpg,sea
22261.jpg,mountain
20080.jpg,street
22072.jpg,sea
23234.jpg,street
22976.jpg,street
23389.jpg,street
21209.jpg,forest
21507.jpg,sea
22349.jpg,mountain
21459.jpg,forest
23748.jpg,mountain
22478.jpg,sea
20438.jpg,mountain
22531.jpg,buildings
21671.jpg,sea
20408.jpg,street
23207.jpg,forest
24248.jpg,glacier
23866.jpg,buildings
22807.jpg,sea
24115.jpg,glacier
22996.jpg,forest
21812.jpg,sea
22921.jpg,mountain
22019.jpg,sea
23610.jpg,mountain
23870.jpg,glacier
21683.jpg,buildings
22690.jpg,sea
23978.jpg,sea
22378.jpg,street
22769.jpg,mountain
20766.jpg,buildings
20988.jpg,street
20357.jpg,street
23867.jpg,sea
22185.jpg,buildings
20333.jpg,sea
21276.jpg,mountain
23819.jpg,forest
22461.jpg,street
24083.jpg,buildings
21948.jpg,buildings
20432.jpg,street
22161.jpg,glacier
22565.jpg,sea
22734.jpg,mountain
22037.jpg,glacier
22824.jpg,sea
21828.jpg,sea
21248.jpg,glacier
22254.jpg,glacier
21614.jpg,buildings
21984.jpg,mountain
23289.jpg,forest
21659.jpg,mountain
20871.jpg,mountain
23107.jpg,forest
20353.jpg,street
22644.jpg,street
22101.jpg,mountain
23487.jpg,sea
22416.jpg,forest
21816.jpg,sea
24001.jpg,sea
21339.jpg,buildings
21684.jpg,glacier
22634.jpg,mountain
22103.jpg,buildings
23150.jpg,glacier
22336.jpg,forest
22696.jpg,mountain
23890.jpg,buildings
24158.jpg,sea
20243.jpg,glacier
23040.jpg,mountain
20158.jpg,street
20292.jpg,glacier
20194.jpg,street
21059.jpg,mountain
21428.jpg,forest
20185.jpg,sea
21173.jpg,mountain
20826.jpg,street
23714.jpg,glacier
21125.jpg,forest
21215.jpg,glacier
20952.jpg,buildings
20061.jpg,buildings
21529.jpg,forest
21175.jpg,street
21563.jpg,sea
23033.jpg,sea
23183.jpg,street
24329.jpg,mountain
22240.jpg,street
23093.jpg,sea
20457.jpg,glacier
23912.jpg,forest
21480.jpg,buildings
23420.jpg,buildings
21488.jpg,glacier
21788.jpg,mountain
21859.jpg,glacier
20601.jpg,buildings
20598.jpg,glacier
20742.jpg,glacier
23321.jpg,forest
23734.jpg,mountain
20909.jpg,sea
23981.jpg,forest
23088.jpg,forest
23577.jpg,street
22955.jpg,sea
23459.jpg,buildings
23167.jpg,forest
21046.jpg,forest
23597.jpg,forest
23232.jpg,mountain
23927.jpg,sea
20519.jpg,sea
24053.jpg,buildings
23559.jpg,mountain
23600.jpg,forest
21648.jpg,buildings
21077.jpg,street
23669.jpg,street
20858.jpg,buildings
22553.jpg,glacier
21924.jpg,sea
23929.jpg,glacier
22246.jpg,sea
23606.jpg,glacier
23967.jpg,street
24196.jpg,glacier
23979.jpg,forest
21008.jpg,glacier
21097.jpg,forest
22444.jpg,mountain
22370.jpg,street
21076.jpg,mountain
23365.jpg,buildings
22694.jpg,glacier
21780.jpg,street
20866.jpg,glacier
20106.jpg,sea
23932.jpg,buildings
22547.jpg,mountain
20195.jpg,glacier
20331.jpg,street
20528.jpg,mountain
22917.jpg,forest
22231.jpg,buildings
21568.jpg,sea
23780.jpg,mountain
20621.jpg,street
22977.jpg,sea
21476.jpg,sea
23829.jpg,glacier
20938.jpg,forest
23243.jpg,mountain
21198.jpg,forest
21304.jpg,buildings
20530.jpg,sea
20874.jpg,buildings
22727.jpg,glacier
22721.jpg,sea
22933.jpg,street
20260.jpg,forest
24282.jpg,mountain
20649.jpg,sea
23166.jpg,mountain
21994.jpg,forest
20899.jpg,street
22329.jpg,street
21144.jpg,glacier
22112.jpg,glacier
23535.jpg,glacier
21686.jpg,mountain
23898.jpg,glacier
20924.jpg,mountain
20570.jpg,glacier
23348.jpg,mountain
21885.jpg,forest
23375.jpg,street
20247.jpg,sea
22204.jpg,street
20802.jpg,glacier
24128.jpg,sea
20722.jpg,sea
23060.jpg,mountain
22515.jpg,mountain
21179.jpg,forest
24320.jpg,buildings
20903.jpg,street
23774.jpg,mountain
24167.jpg,glacier
20730.jpg,buildings
21962.jpg,buildings
24283.jpg,mountain
21818.jpg,forest
21751.jpg,glacier
21246.jpg,glacier
24018.jpg,sea
20150.jpg,forest
21645.jpg,forest
21538.jpg,forest
20153.jpg,mountain
23281.jpg,sea
22405.jpg,glacier
20821.jpg,glacier
23433.jpg,glacier
23692.jpg,buildings
20612.jpg,mountain
20342.jpg,sea
23068.jpg,street
20922.jpg,buildings
21986.jpg,glacier
20423.jpg,glacier
22980.jpg,sea
23560.jpg,forest
21285.jpg,mountain
22450.jpg,street
21610.jpg,sea
22898.jpg,street
23515.jpg,glacier
22058.jpg,buildings
21947.jpg,forest
20585.jpg,mountain
21225.jpg,street
21058.jpg,buildings
23727.jpg,street
21896.jpg,street
22500.jpg,glacier
23874.jpg,forest
20712.jpg,glacier
20840.jpg,sea
20189.jpg,glacier
21793.jpg,buildings
22786.jpg,street
20174.jpg,mountain
20498.jpg,street
22045.jpg,buildings
21572.jpg,street
20186.jpg,buildings
21271.jpg,buildings
21964.jpg,forest
21943.jpg,glacier
22648.jpg,mountain
21603.jpg,mountain
21817.jpg,street
22962.jpg,sea
23945.jpg,buildings
22415.jpg,buildings
20216.jpg,street
21589.jpg,sea
20071.jpg,mountain
22182.jpg,glacier
21647.jpg,mountain
23247.jpg,sea
22322.jpg,street
22372.jpg,street
21761.jpg,sea
24234.jpg,forest
21627.jpg,sea
21807.jpg,sea
22124.jpg,glacier
22830.jpg,street
23796.jpg,street
22776.jpg,buildings
23446.jpg,buildings
23001.jpg,glacier
21216.jpg,mountain
20234.jpg,street
23162.jpg,sea
22260.jpg,street
22661.jpg,sea
22291.jpg,street
23398.jpg,glacier
22663.jpg,mountain
21481.jpg,sea
23464.jpg,buildings
21483.jpg,forest
21583.jpg,glacier
23453.jpg,forest
23447.jpg,glacier
22342.jpg,forest
21726.jpg,mountain
23534.jpg,forest
23689.jpg,street
22545.jpg,sea
22877.jpg,street
20287.jpg,glacier
22589.jpg,sea
20157.jpg,glacier
23273.jpg,street
21641.jpg,street
23726.jpg,street
21254.jpg,forest
20574.jpg,buildings
21889.jpg,sea
22995.jpg,buildings
21843.jpg,forest
23227.jpg,street
22203.jpg,mountain
23974.jpg,sea
22797.jpg,mountain
21955.jpg,buildings
23114.jpg,mountain
20933.jpg,glacier
23310.jpg,buildings
20894.jpg,forest
23705.jpg,sea
23499.jpg,forest
22050.jpg,forest
20613.jpg,mountain
21611.jpg,street
20678.jpg,sea
22736.jpg,sea
22126.jpg,mountain
23817.jpg,forest
21182.jpg,buildings
21945.jpg,buildings
23764.jpg,forest
24107.jpg,glacier
21586.jpg,forest
22556.jpg,glacier
20540.jpg,glacier
20946.jpg,sea
21852.jpg,forest
22357.jpg,buildings
23181.jpg,forest
21651.jpg,glacier
20639.jpg,sea
23089.jpg,sea
23876.jpg,forest
21427.jpg,street
20813.jpg,street
24076.jpg,sea
20335.jpg,street
21236.jpg,mountain
23177.jpg,glacier
21067.jpg,sea
21415.jpg,mountain
21247.jpg,mountain
21158.jpg,buildings
20643.jpg,mountain
21722.jpg,street
20657.jpg,mountain
23656.jpg,glacier
20754.jpg,forest
20820.jpg,mountain
21737.jpg,sea
21064.jpg,mountain
22375.jpg,street
22974.jpg,glacier
20764.jpg,street
24186.jpg,sea
20289.jpg,sea
20460.jpg,buildings
23707.jpg,street
23584.jpg,buildings
23143.jpg,buildings
20580.jpg,buildings
23550.jpg,buildings
20704.jpg,sea
23603.jpg,mountain
20098.jpg,forest
21714.jpg,sea
23457.jpg,mountain
20534.jpg,sea
21423.jpg,street
22373.jpg,street
20687.jpg,sea
24072.jpg,forest
23908.jpg,buildings
20616.jpg,glacier
23930.jpg,forest
23233.jpg,street
20911.jpg,sea
22633.jpg,buildings
23976.jpg,sea
21992.jpg,mountain
22188.jpg,mountain
20390.jpg,buildings
23975.jpg,mountain
21091.jpg,forest
23090.jpg,forest
22964.jpg,glacier
22722.jpg,street
20796.jpg,mountain
24177.jpg,forest
20288.jpg,forest
21985.jpg,street
20406.jpg,glacier
24268.jpg,street
23928.jpg,forest
21781.jpg,mountain
20591.jpg,street
22097.jpg,street
22852.jpg,mountain
23630.jpg,mountain
20965.jpg,glacier
23529.jpg,buildings
22518.jpg,glacier
23254.jpg,sea
21738.jpg,sea
23562.jpg,sea
22867.jpg,sea
21143.jpg,street
22193.jpg,glacier
23215.jpg,street
22005.jpg,glacier
22575.jpg,forest
23725.jpg,sea
21527.jpg,buildings
22683.jpg,glacier
21095.jpg,mountain
20718.jpg,forest
22717.jpg,buildings
23266.jpg,mountain
22176.jpg,mountain
22215.jpg,mountain
23865.jpg,forest
20285.jpg,sea
22664.jpg,sea
23349.jpg,street
23816.jpg,mountain
20515.jpg,buildings
22267.jpg,buildings
21484.jpg,forest
20309.jpg,buildings
20726.jpg,glacier
21126.jpg,forest
21458.jpg,street
23382.jpg,sea
22993.jpg,forest
21874.jpg,glacier
21437.jpg,glacier
23486.jpg,forest
24135.jpg,street
20785.jpg,forest
22438.jpg,glacier
22090.jpg,glacier
22020.jpg,glacier
23746.jpg,mountain
23663.jpg,forest
20373.jpg,glacier
23328.jpg,mountain
22393.jpg,sea
22954.jpg,glacier
21870.jpg,sea
20107.jpg,mountain
24199.jpg,street
23604.jpg,buildings
22966.jpg,mountain
24165.jpg,mountain
23308.jpg,forest
21932.jpg,forest
21360.jpg,buildings
22989.jpg,buildings
21570.jpg,mountain
21762.jpg,glacier
22780.jpg,mountain
22593.jpg,street
22665.jpg,buildings
20751.jpg,glacier
22868.jpg,glacier
21055.jpg,mountain
23943.jpg,street
21657.jpg,mountain
22695.jpg,glacier
22580.jpg,sea
24161.jpg,street
23241.jpg,forest
21727.jpg,glacier
20411.jpg,forest
23993.jpg,mountain
23830.jpg,mountain
21543.jpg,glacier
20164.jpg,glacier
23306.jpg,forest
23371.jpg,forest
23530.jpg,street
23210.jpg,mountain
21350.jpg,street
20838.jpg,street
21347.jpg,street
21842.jpg,glacier
24245.jpg,sea
20190.jpg,glacier
20545.jpg,mountain
22100.jpg,mountain
22585.jpg,sea
23109.jpg,street
20443.jpg,mountain
23537.jpg,glacier
23906.jpg,glacier
22592.jpg,mountain
24109.jpg,glacier
21466.jpg,mountain
23629.jpg,glacier
20303.jpg,glacier
21957.jpg,sea
21921.jpg,forest
20367.jpg,street
23105.jpg,sea
24007.jpg,forest
22760.jpg,street
21826.jpg,mountain
24214.jpg,sea
22082.jpg,street
21386.jpg,buildings
20637.jpg,buildings
22718.jpg,sea
20250.jpg,buildings
20087.jpg,glacier
21137.jpg,street
20671.jpg,mountain
20537.jpg,street
23814.jpg,street
20788.jpg,buildings
22032.jpg,street
20599.jpg,mountain
20876.jpg,mountain
22138.jpg,glacier
23688.jpg,forest
21073.jpg,sea
23346.jpg,street
20690.jpg,mountain
23623.jpg,sea
21334.jpg,sea
23072.jpg,glacier
20491.jpg,street
23047.jpg,sea
23679.jpg,sea
21763.jpg,buildings
23551.jpg,forest
20968.jpg,street
23948.jpg,street
22766.jpg,glacier
24040.jpg,street
22493.jpg,mountain
22473.jpg,sea
22387.jpg,street
22827.jpg,buildings
20843.jpg,street
23901.jpg,sea
21494.jpg,street
20692.jpg,sea
23920.jpg,glacier
23977.jpg,glacier
23965.jpg,sea
23293.jpg,sea
20336.jpg,street
21868.jpg,forest
20513.jpg,sea
23862.jpg,forest
22436.jpg,mountain
22577.jpg,street
24224.jpg,buildings
23400.jpg,sea
22133.jpg,glacier
21102.jpg,glacier
20281.jpg,sea
21139.jpg,forest
24170.jpg,sea
21226.jpg,mountain
23087.jpg,buildings
20073.jpg,buildings
21047.jpg,sea
21463.jpg,glacier
23775.jpg,mountain
21959.jpg,street
23619.jpg,glacier
22314.jpg,street
22764.jpg,glacier
23005.jpg,street
20212.jpg,sea
21525.jpg,sea
20644.jpg,sea
23641.jpg,sea
22458.jpg,street
20696.jpg,sea
20660.jpg,forest
21907.jpg,glacier
21344.jpg,forest
22790.jpg,mountain
22385.jpg,sea
24056.jpg,glacier
20831.jpg,forest
22805.jpg,forest
21740.jpg,sea
22953.jpg,buildings
22423.jpg,buildings
20516.jpg,street
20362.jpg,glacier
22432.jpg,sea
20873.jpg,sea
21250.jpg,forest
22506.jpg,buildings
20889.jpg,sea
23951.jpg,sea
22200.jpg,street
21311.jpg,sea
20277.jpg,sea
20129.jpg,mountain
20380.jpg,glacier
21496.jpg,buildings
24264.jpg,glacier
23810.jpg,street
20828.jpg,buildings
22949.jpg,sea
22583.jpg,mountain
23265.jpg,sea
22221.jpg,mountain
22959.jpg,mountain
24256.jpg,forest
22600.jpg,mountain
20392.jpg,sea
20992.jpg,mountain
22294.jpg,glacier
21345.jpg,forest
20270.jpg,street
23773.jpg,street
20181.jpg,mountain
20419.jpg,sea
21361.jpg,glacier
24176.jpg,mountain
21694.jpg,buildings
20479.jpg,mountain
20590.jpg,glacier
21233.jpg,buildings
22091.jpg,glacier
20942.jpg,sea
21554.jpg,buildings
23988.jpg,mountain
21367.jpg,buildings
21065.jpg,buildings
20300.jpg,sea
21632.jpg,mountain
20926.jpg,buildings
23324.jpg,sea
21553.jpg,glacier
21135.jpg,street
21302.jpg,glacier
23542.jpg,buildings
20918.jpg,buildings
21910.jpg,street
23903.jpg,glacier
22132.jpg,buildings
20490.jpg,glacier
22157.jpg,mountain
23563.jpg,glacier
22158.jpg,mountain
23846.jpg,buildings
23761.jpg,mountain
20634.jpg,sea
21711.jpg,mountain
23223.jpg,glacier
23918.jpg,mountain
21560.jpg,street
21380.jpg,street
21123.jpg,glacier
22986.jpg,street
22504.jpg,mountain
20620.jpg,forest
20695.jpg,sea
24185.jpg,mountain
20268.jpg,buildings
22368.jpg,street
20668.jpg,glacier
23070.jpg,forest
22412.jpg,street
23497.jpg,mountain
22205.jpg,mountain
24138.jpg,buildings
24095.jpg,street
22134.jpg,buildings
23628.jpg,street
23668.jpg,street
22494.jpg,mountain
20963.jpg,glacier
22924.jpg,glacier
22799.jpg,mountain
20888.jpg,street
20473.jpg,sea
23416.jpg,sea
23291.jpg,mountain
23163.jpg,street
22222.jpg,mountain
21996.jpg,sea
22817.jpg,glacier
20318.jpg,street
21669.jpg,glacier
24189.jpg,sea
20589.jpg,mountain
21607.jpg,sea
22526.jpg,mountain
24295.jpg,sea
20741.jpg,mountain
22890.jpg,mountain
20316.jpg,sea
20978.jpg,forest
22720.jpg,mountain
23261.jpg,forest
21453.jpg,mountain
23316.jpg,buildings
23528.jpg,forest
23117.jpg,mountain
20332.jpg,street
22442.jpg,buildings
23907.jpg,buildings
23062.jpg,mountain
20398.jpg,mountain
23736.jpg,mountain
22306.jpg,mountain
20705.jpg,street
23176.jpg,mountain
22264.jpg,glacier
20627.jpg,mountain
22117.jpg,mountain
22068.jpg,glacier
23108.jpg,glacier
22958.jpg,mountain
22745.jpg,sea
20433.jpg,glacier
23298.jpg,sea
22603.jpg,glacier
21779.jpg,street
21455.jpg,sea
24041.jpg,sea
20089.jpg,forest
21638.jpg,sea
22685.jpg,mountain
20255.jpg,sea
22029.jpg,glacier
21222.jpg,mountain
24052.jpg,street
23783.jpg,mountain
21765.jpg,forest
21730.jpg,sea
22278.jpg,mountain
21593.jpg,street
23474.jpg,forest
24250.jpg,street
20109.jpg,glacier
21362.jpg,forest
23413.jpg,mountain
20382.jpg,sea
21462.jpg,sea
23230.jpg,glacier
22645.jpg,street
21731.jpg,street
22969.jpg,buildings
20359.jpg,street
20577.jpg,mountain
21720.jpg,forest
22810.jpg,buildings
22196.jpg,street
20176.jpg,mountain
21032.jpg,sea
22153.jpg,street
20512.jpg,sea
23294.jpg,glacier
22539.jpg,mountain
23677.jpg,glacier
21329.jpg,glacier
22829.jpg,glacier
21518.jpg,glacier
22347.jpg,glacier
23728.jpg,forest
21872.jpg,glacier
22137.jpg,glacier
20629.jpg,buildings
22699.jpg,mountain
20655.jpg,mountain
20770.jpg,mountain
23244.jpg,forest
24145.jpg,forest
23652.jpg,street
20746.jpg,glacier
23738.jpg,glacier
22667.jpg,glacier
23262.jpg,mountain
23209.jpg,sea
21213.jpg,glacier
23229.jpg,sea
20856.jpg,sea
24055.jpg,sea
20230.jpg,glacier
21390.jpg,glacier
20326.jpg,glacier
22866.jpg,mountain
21377.jpg,mountain
23492.jpg,glacier
22337.jpg,street
24173.jpg,glacier
22884.jpg,sea
21207.jpg,forest
22212.jpg,glacier
20320.jpg,glacier
23045.jpg,sea
23377.jpg,forest
21435.jpg,buildings
21933.jpg,forest
20652.jpg,street
23319.jpg,street
22860.jpg,buildings
22903.jpg,street
23136.jpg,buildings
22586.jpg,buildings
22897.jpg,forest
21656.jpg,buildings
21855.jpg,forest
21849.jpg,sea
20739.jpg,glacier
20575.jpg,mountain
20127.jpg,street
20999.jpg,sea
20851.jpg,glacier
20293.jpg,street
21615.jpg,glacier
21177.jpg,forest
23263.jpg,street
21832.jpg,sea
21961.jpg,glacier
22893.jpg,mountain
23587.jpg,sea
21090.jpg,glacier
23429.jpg,mountain
20090.jpg,street
21385.jpg,mountain
24152.jpg,glacier
23401.jpg,sea
20774.jpg,forest
20653.jpg,street
22558.jpg,buildings
23383.jpg,glacier
22299.jpg,forest
20347.jpg,sea
21020.jpg,forest
20842.jpg,glacier
21359.jpg,street
21433.jpg,buildings
23473.jpg,forest
23667.jpg,sea
22031.jpg,street
20502.jpg,forest
21664.jpg,glacier
23786.jpg,sea
20480.jpg,street
23009.jpg,buildings
20841.jpg,sea
20651.jpg,mountain
24066.jpg,glacier
22345.jpg,buildings
22377.jpg,sea
20908.jpg,mountain
22250.jpg,glacier
23968.jpg,street
24150.jpg,glacier
23938.jpg,glacier
22446.jpg,forest
20995.jpg,sea
21470.jpg,buildings
22054.jpg,glacier
20370.jpg,street
23477.jpg,forest
23555.jpg,buildings
22597.jpg,street
21754.jpg,buildings
23286.jpg,street
23649.jpg,sea
22233.jpg,buildings
22670.jpg,glacier
21201.jpg,mountain
22527.jpg,street
21547.jpg,street
22961.jpg,sea
24029.jpg,street
21432.jpg,street
23333.jpg,mountain
20917.jpg,glacier
20397.jpg,mountain
21130.jpg,sea
24077.jpg,street
20927.jpg,forest
22587.jpg,buildings
23702.jpg,mountain
24051.jpg,forest
20226.jpg,mountain
20075.jpg,street
21743.jpg,street
21357.jpg,glacier
21012.jpg,sea
22062.jpg,glacier
23318.jpg,mountain
21517.jpg,mountain
21501.jpg,street
22189.jpg,mountain
21542.jpg,mountain
23024.jpg,mountain
22309.jpg,mountain
23470.jpg,mountain
24213.jpg,glacier
22232.jpg,street
22837.jpg,street
24294.jpg,mountain
21881.jpg,glacier
21892.jpg,street
24146.jpg,mountain
23660.jpg,street
20948.jpg,glacier
20810.jpg,glacier
20206.jpg,buildings
22420.jpg,forest
20931.jpg,street
20878.jpg,sea
21735.jpg,forest
20474.jpg,street
22358.jpg,glacier
23776.jpg,buildings
24270.jpg,street
24057.jpg,glacier
23729.jpg,street
24098.jpg,forest
20371.jpg,sea
21419.jpg,buildings
21159.jpg,buildings
21099.jpg,buildings
21991.jpg,forest
20961.jpg,mountain
20178.jpg,street
21381.jpg,street
23126.jpg,mountain
23322.jpg,buildings
22666.jpg,glacier
21677.jpg,forest
20872.jpg,glacier
21490.jpg,mountain
22001.jpg,street
24062.jpg,street
21894.jpg,forest
22831.jpg,sea
20387.jpg,forest
20221.jpg,street
23750.jpg,forest
23843.jpg,glacier
22139.jpg,street
21472.jpg,glacier
22464.jpg,street
23441.jpg,forest
21841.jpg,buildings
20170.jpg,sea
22104.jpg,sea
20484.jpg,street
23189.jpg,glacier
20975.jpg,sea
21905.jpg,buildings
22439.jpg,sea
20072.jpg,sea
23280.jpg,sea
22391.jpg,mountain
21142.jpg,street
20458.jpg,glacier
22411.jpg,mountain
20389.jpg,sea
22755.jpg,sea
21266.jpg,glacier
21887.jpg,forest
21829.jpg,mountain
21970.jpg,buildings
23384.jpg,mountain
23141.jpg,mountain
21078.jpg,glacier
20311.jpg,forest
23052.jpg,street
24310.jpg,glacier
20414.jpg,glacier
20144.jpg,mountain
21306.jpg,sea
22732.jpg,glacier
21789.jpg,sea
20271.jpg,mountain
20615.jpg,street
21498.jpg,mountain
22712.jpg,mountain
21676.jpg,glacier
20240.jpg,sea
24063.jpg,buildings
22408.jpg,street
22719.jpg,sea
23312.jpg,mountain
20294.jpg,street
21217.jpg,sea
22078.jpg,glacier
24314.jpg,forest
21597.jpg,buildings
23745.jpg,street
23269.jpg,street
21678.jpg,street
20535.jpg,street
21014.jpg,sea
22936.jpg,glacier
20436.jpg,buildings
22619.jpg,buildings
23681.jpg,forest
22040.jpg,mountain
22321.jpg,sea
23950.jpg,street
22021.jpg,buildings
20725.jpg,buildings
21336.jpg,glacier
20676.jpg,mountain
23023.jpg,buildings
23990.jpg,sea
24299.jpg,glacier
22624.jpg,buildings
24047.jpg,forest
23687.jpg,mountain
23717.jpg,forest
24037.jpg,glacier
20066.jpg,street
23576.jpg,sea
20731.jpg,street
23741.jpg,buildings
20885.jpg,forest
23632.jpg,forest
20383.jpg,sea
23826.jpg,sea
22652.jpg,street
21296.jpg,street
23325.jpg,buildings
22857.jpg,glacier
22896.jpg,glacier
24332.jpg,street
21919.jpg,forest
22581.jpg,glacier
21801.jpg,buildings
21936.jpg,sea
20628.jpg,buildings
24045.jpg,forest
22277.jpg,street
24187.jpg,mountain
23469.jpg,mountain
20093.jpg,mountain
23437.jpg,sea
20273.jpg,sea
24027.jpg,sea
22366.jpg,street
21890.jpg,forest
22832.jpg,sea
21604.jpg,forest
20092.jpg,glacier
22216.jpg,street
21599.jpg,buildings
22628.jpg,sea
22912.jpg,buildings
21580.jpg,street
23436.jpg,glacier
20955.jpg,sea
22383.jpg,buildings
22735.jpg,buildings
23387.jpg,mountain
20154.jpg,mountain
20299.jpg,forest
21600.jpg,mountain
23588.jpg,street
20425.jpg,buildings
20113.jpg,buildings
23573.jpg,glacier
21364.jpg,forest
22708.jpg,street
23277.jpg,mountain
22646.jpg,mountain
21524.jpg,glacier
24260.jpg,forest
21787.jpg,forest
21512.jpg,glacier
21129.jpg,sea
21808.jpg,mountain
20372.jpg,glacier
21858.jpg,street
24044.jpg,sea
21941.jpg,street
23417.jpg,street
21537.jpg,glacier
23369.jpg,sea
21819.jpg,mountain
22643.jpg,forest
22855.jpg,glacier
21196.jpg,forest
24265.jpg,street
23327.jpg,mountain
21688.jpg,street
20322.jpg,forest
20915.jpg,street
22557.jpg,glacier
20365.jpg,street
22636.jpg,mountain
23098.jpg,sea
21581.jpg,buildings
21987.jpg,sea
23947.jpg,sea
20108.jpg,forest
20801.jpg,forest
20748.jpg,buildings
22448.jpg,buildings
22876.jpg,glacier
22642.jpg,street
24118.jpg,street
22043.jpg,glacier
23596.jpg,glacier
21574.jpg,forest
22455.jpg,sea
22528.jpg,sea
20435.jpg,mountain
24091.jpg,mountain
20334.jpg,mountain
20971.jpg,mountain
22883.jpg,sea
22066.jpg,sea
23381.jpg,sea
23002.jpg,sea
23579.jpg,sea
23137.jpg,street
21981.jpg,mountain
24290.jpg,street
23338.jpg,street
20256.jpg,sea
22273.jpg,glacier
21192.jpg,sea
23130.jpg,forest
23575.jpg,forest
20940.jpg,mountain
24221.jpg,street
20067.jpg,buildings
23245.jpg,mountain
24269.jpg,street
22109.jpg,street
24246.jpg,sea
20440.jpg,street
22768.jpg,mountain
21442.jpg,sea
22833.jpg,forest
21231.jpg,glacier
21093.jpg,glacier
23299.jpg,forest
20266.jpg,street
24082.jpg,forest
22099.jpg,street
24099.jpg,sea
20959.jpg,glacier
20510.jpg,forest
20352.jpg,glacier
23676.jpg,glacier
23148.jpg,forest
23861.jpg,sea
23567.jpg,forest
21108.jpg,street
22842.jpg,glacier
21990.jpg,forest
20804.jpg,buildings
21873.jpg,forest
23458.jpg,mountain
21278.jpg,glacier
22201.jpg,forest
20983.jpg,glacier
20249.jpg,glacier
20449.jpg,buildings
23678.jpg,sea
21965.jpg,forest
20094.jpg,buildings
23484.jpg,sea
20539.jpg,glacier
24222.jpg,forest
21255.jpg,mountain
21804.jpg,glacier
20497.jpg,mountain
20088.jpg,street
20761.jpg,forest
21977.jpg,buildings
24103.jpg,buildings
21806.jpg,forest
22887.jpg,glacier
20989.jpg,buildings
21297.jpg,forest
20282.jpg,mountain
23835.jpg,street
22826.jpg,street
22115.jpg,street
23962.jpg,glacier
23091.jpg,sea
20638.jpg,forest
22351.jpg,buildings
23295.jpg,buildings
22168.jpg,sea
23315.jpg,street
20981.jpg,buildings
22517.jpg,forest
24075.jpg,mountain
22483.jpg,mountain
20688.jpg,buildings
24136.jpg,sea
21764.jpg,buildings
22994.jpg,glacier
23366.jpg,buildings
23838.jpg,glacier
20759.jpg,sea
22854.jpg,forest
23104.jpg,buildings
22692.jpg,mountain
20556.jpg,forest
22252.jpg,buildings
21288.jpg,glacier
21042.jpg,glacier
20068.jpg,sea
21443.jpg,forest
23165.jpg,sea
21401.jpg,street
23051.jpg,mountain
24059.jpg,sea
23902.jpg,glacier
23961.jpg,street
21183.jpg,glacier
20096.jpg,buildings
23406.jpg,forest
23997.jpg,buildings
22706.jpg,buildings
21725.jpg,mountain
23124.jpg,sea
22756.jpg,glacier
23255.jpg,buildings
21025.jpg,glacier
24254.jpg,forest
22472.jpg,forest
24258.jpg,buildings
22960.jpg,mountain
21658.jpg,street
23208.jpg,street
24231.jpg,street
21210.jpg,glacier
23430.jpg,forest
21592.jpg,glacier
21609.jpg,sea
22536.jpg,sea
22307.jpg,forest
21799.jpg,glacier
24323.jpg,mountain
21884.jpg,forest
23837.jpg,sea
24024.jpg,street
24220.jpg,forest
24300.jpg,street
21723.jpg,street
24313.jpg,forest
23240.jpg,forest
20275.jpg,glacier
23032.jpg,forest
20819.jpg,street
23393.jpg,forest
22942.jpg,glacier
22316.jpg,street
23157.jpg,glacier
22596.jpg,street
23860.jpg,street
23781.jpg,street
23822.jpg,glacier
21085.jpg,mountain
21241.jpg,street
22326.jpg,sea
21152.jpg,street
24236.jpg,sea
22310.jpg,glacier
21087.jpg,forest
22079.jpg,glacier
21519.jpg,sea
21148.jpg,buildings
21857.jpg,street
24239.jpg,forest
20171.jpg,sea
22915.jpg,glacier
22657.jpg,mountain
21019.jpg,mountain
20677.jpg,street
23006.jpg,sea
22501.jpg,sea
21230.jpg,glacier
23454.jpg,street
23661.jpg,glacier
22881.jpg,sea
24200.jpg,glacier
20204.jpg,glacier
21650.jpg,mountain
22030.jpg,mountain
21151.jpg,buildings
20960.jpg,buildings
22340.jpg,glacier
22510.jpg,glacier
20504.jpg,buildings
23219.jpg,glacier
22028.jpg,forest
21663.jpg,buildings
24203.jpg,buildings
22017.jpg,street
20944.jpg,street
20757.jpg,glacier
21038.jpg,mountain
20717.jpg,forest
21682.jpg,street
20745.jpg,mountain
22948.jpg,sea
22570.jpg,forest
22228.jpg,street
22123.jpg,glacier
23638.jpg,sea
21309.jpg,buildings
24311.jpg,sea
22538.jpg,forest
23102.jpg,street
20869.jpg,sea
20120.jpg,mountain
22092.jpg,forest
20160.jpg,glacier
22119.jpg,street
22513.jpg,glacier
20245.jpg,buildings
24324.jpg,forest
20916.jpg,forest
21551.jpg,glacier
23989.jpg,buildings
22453.jpg,street
23094.jpg,forest
20267.jpg,sea
22818.jpg,mountain
21153.jpg,glacier
24009.jpg,street
23757.jpg,buildings
22156.jpg,street
23593.jpg,sea
22025.jpg,buildings
21473.jpg,glacier
23259.jpg,forest
20728.jpg,forest
21558.jpg,sea
23069.jpg,sea
23465.jpg,forest
23743.jpg,forest
20343.jpg,street
21454.jpg,street
21301.jpg,sea
23658.jpg,glacier
24112.jpg,glacier
20069.jpg,street
20062.jpg,forest
20148.jpg,sea
22609.jpg,glacier
23432.jpg,glacier
24113.jpg,glacier
21861.jpg,glacier
22173.jpg,sea
21000.jpg,glacier
21514.jpg,street
21824.jpg,glacier
24085.jpg,street
22388.jpg,buildings
20296.jpg,street
24132.jpg,sea
23336.jpg,sea
22046.jpg,mountain
23451.jpg,mountain
20126.jpg,street
23250.jpg,sea
20259.jpg,street
20844.jpg,glacier
23373.jpg,forest
21776.jpg,street
22130.jpg,glacier
23756.jpg,sea
20151.jpg,forest
21373.jpg,forest
21573.jpg,street
22457.jpg,street
20356.jpg,glacier
22235.jpg,glacier
20767.jpg,mountain
23639.jpg,buildings
22290.jpg,mountain
21450.jpg,glacier
23182.jpg,street
21766.jpg,glacier
20100.jpg,forest
23885.jpg,sea
22276.jpg,mountain
22065.jpg,forest
20232.jpg,mountain
22934.jpg,glacier
22552.jpg,forest
21915.jpg,mountain
23489.jpg,sea
23591.jpg,forest
20934.jpg,street
24219.jpg,sea
21375.jpg,forest
23655.jpg,glacier
21635.jpg,sea
20402.jpg,sea
20161.jpg,street
22654.jpg,street
22688.jpg,sea
23011.jpg,forest
21612.jpg,forest
23275.jpg,sea
23471.jpg,street
21983.jpg,glacier
21644.jpg,forest
20147.jpg,street
21281.jpg,forest
22208.jpg,buildings
23187.jpg,sea
23708.jpg,sea
22848.jpg,mountain
20177.jpg,buildings
21054.jpg,forest
23192.jpg,sea
23793.jpg,street
23952.jpg,glacier
22245.jpg,glacier
22272.jpg,mountain
20175.jpg,forest
21448.jpg,mountain
21104.jpg,buildings
22247.jpg,forest
23153.jpg,mountain
20405.jpg,street
22177.jpg,forest
20172.jpg,sea
22495.jpg,street
23984.jpg,forest
20807.jpg,street
23633.jpg,street
24026.jpg,street
21598.jpg,sea
24244.jpg,glacier
24017.jpg,buildings
20587.jpg,buildings
23031.jpg,forest
22602.jpg,forest
21259.jpg,sea
24180.jpg,sea
20782.jpg,forest
21504.jpg,buildings
22738.jpg,forest
23287.jpg,forest
21052.jpg,forest
20179.jpg,glacier
20058.jpg,sea
23859.jpg,street
21387.jpg,buildings
23122.jpg,forest
20337.jpg,street
22406.jpg,street
22409.jpg,buildings
22093.jpg,forest
20142.jpg,glacier
21421.jpg,mountain
20202.jpg,glacier
23982.jpg,buildings
23959.jpg,sea
23314.jpg,street
23574.jpg,buildings
20832.jpg,mountain
22616.jpg,sea
21256.jpg,mountain
22907.jpg,buildings
23806.jpg,sea
21539.jpg,buildings
23753.jpg,glacier
21293.jpg,buildings
23848.jpg,glacier
22576.jpg,glacier
24261.jpg,glacier
23344.jpg,forest
24100.jpg,forest
23625.jpg,forest
21053.jpg,glacier
24070.jpg,street
23935.jpg,street
20165.jpg,street
21736.jpg,forest
22338.jpg,street
22198.jpg,street
20783.jpg,glacier
23385.jpg,buildings
21712.jpg,buildings
23343.jpg,mountain
20274.jpg,forest
20674.jpg,forest
21168.jpg,glacier
22490.jpg,forest
21639.jpg,sea
24242.jpg,glacier
20527.jpg,street
20896.jpg,buildings
24021.jpg,glacier
21412.jpg,glacier
21478.jpg,glacier
20925.jpg,forest
21665.jpg,mountain
21417.jpg,mountain
22691.jpg,buildings
21866.jpg,street
20576.jpg,glacier
21701.jpg,mountain
21191.jpg,sea
21027.jpg,glacier
23061.jpg,forest
21197.jpg,sea
20261.jpg,forest
22650.jpg,buildings
23739.jpg,glacier
22730.jpg,sea
22227.jpg,buildings
20084.jpg,street
24149.jpg,street
20464.jpg,street
22209.jpg,mountain
22286.jpg,forest
21744.jpg,street
24005.jpg,forest
21660.jpg,mountain
21745.jpg,street
22655.jpg,mountain
23495.jpg,sea
23329.jpg,buildings
21913.jpg,street
22963.jpg,sea
23431.jpg,glacier
22885.jpg,mountain
21633.jpg,glacier
20191.jpg,street
23455.jpg,street
23538.jpg,mountain
20133.jpg,mountain
23320.jpg,glacier
20493.jpg,street
23543.jpg,buildings
22765.jpg,mountain
20395.jpg,sea
20454.jpg,street
22839.jpg,street
22537.jpg,mountain
22076.jpg,buildings
24312.jpg,forest
22543.jpg,sea
22514.jpg,forest
22318.jpg,sea
23724.jpg,glacier
23456.jpg,sea
22136.jpg,forest
21800.jpg,street
22175.jpg,buildings
23939.jpg,sea
22207.jpg,sea
21591.jpg,mountain
21244.jpg,mountain
23370.jpg,mountain
24208.jpg,mountain
20209.jpg,street
24137.jpg,forest
21719.jpg,buildings
21643.jpg,mountain
21967.jpg,glacier
22707.jpg,forest
24321.jpg,mountain
20112.jpg,sea
21341.jpg,glacier
21768.jpg,glacier
22956.jpg,forest
21242.jpg,street
20560.jpg,glacier
21918.jpg,sea
22051.jpg,mountain
23388.jpg,buildings
21316.jpg,forest
21066.jpg,buildings
23931.jpg,forest
20076.jpg,sea
22737.jpg,street
23884.jpg,glacier
20136.jpg,forest
20564.jpg,street
23812.jpg,mountain
22471.jpg,sea
23516.jpg,glacier
20079.jpg,street
21516.jpg,buildings
24198.jpg,forest
20276.jpg,mountain
21783.jpg,forest
21774.jpg,mountain
23133.jpg,street
20314.jpg,mountain
24008.jpg,glacier
21229.jpg,buildings
20159.jpg,forest
22083.jpg,sea
22335.jpg,mountain
20798.jpg,street
22308.jpg,forest
20602.jpg,street
23973.jpg,street
22572.jpg,sea
23428.jpg,mountain
23218.jpg,forest
20310.jpg,glacier
20740.jpg,forest
20994.jpg,street
21772.jpg,street
23226.jpg,glacier
22256.jpg,buildings
21200.jpg,street
20091.jpg,forest
21392.jpg,sea
22742.jpg,glacier
22467.jpg,sea
23290.jpg,street
23712.jpg,mountain
21710.jpg,sea
21909.jpg,mountain
22822.jpg,glacier
24184.jpg,glacier
20378.jpg,street
21653.jpg,street
21666.jpg,mountain
23018.jpg,glacier
22550.jpg,forest
21769.jpg,forest
23694.jpg,forest
20524.jpg,buildings
24036.jpg,glacier
21784.jpg,sea
21007.jpg,street
21475.jpg,glacier
23613.jpg,forest
20857.jpg,glacier
21405.jpg,sea
21203.jpg,street
21393.jpg,sea
24235.jpg,sea
20879.jpg,sea
21313.jpg,mountain
23461.jpg,mountain
24111.jpg,sea
20272.jpg,glacier
21916.jpg,forest
21328.jpg,sea
20269.jpg,sea
22169.jpg,forest
23570.jpg,glacier
22346.jpg,mountain
22709.jpg,street
24195.jpg,glacier
20710.jpg,buildings
23222.jpg,sea
22465.jpg,glacier
23548.jpg,mountain
22913.jpg,glacier
21798.jpg,forest
23697.jpg,mountain
24205.jpg,buildings
22283.jpg,street
22162.jpg,sea
22183.jpg,street
22705.jpg,glacier
22476.jpg,street
21092.jpg,glacier
23008.jpg,street
23557.jpg,street
20890.jpg,sea
20461.jpg,sea
23332.jpg,forest
22362.jpg,glacier
20252.jpg,forest
23270.jpg,mountain
21954.jpg,sea
21621.jpg,buildings
23808.jpg,mountain
21280.jpg,mountain
24039.jpg,forest
20626.jpg,mountain
20348.jpg,street
21186.jpg,glacier
20286.jpg,buildings
21879.jpg,glacier
22048.jpg,sea
23309.jpg,forest
21224.jpg,sea
22427.jpg,forest
20853.jpg,mountain
22481.jpg,street
23076.jpg,street
24334.jpg,glacier
23444.jpg,street
22895.jpg,sea
24124.jpg,street
20799.jpg,buildings
22908.jpg,mountain
23160.jpg,forest
22614.jpg,glacier
22469.jpg,sea
21960.jpg,mountain
22669.jpg,street
22625.jpg,sea
23845.jpg,street
23342.jpg,sea
21307.jpg,glacier
21949.jpg,sea
21227.jpg,sea
21257.jpg,buildings
20117.jpg,forest
22036.jpg,glacier
23585.jpg,sea
23106.jpg,buildings
21940.jpg,sea
22820.jpg,mountain
20227.jpg,mountain
21452.jpg,mountain
20057.jpg,buildings
20954.jpg,sea
22220.jpg,sea
20962.jpg,street
20494.jpg,sea
23353.jpg,mountain
20854.jpg,glacier
20459.jpg,street
21618.jpg,glacier
23125.jpg,mountain
23648.jpg,forest
22012.jpg,sea
21004.jpg,mountain
22331.jpg,forest
23284.jpg,street
20777.jpg,street
20984.jpg,forest
22567.jpg,glacier
24178.jpg,forest
22234.jpg,buildings
23889.jpg,sea
23873.jpg,forest
22095.jpg,mountain
21559.jpg,mountain
21290.jpg,mountain
22862.jpg,forest
20732.jpg,glacier
22360.jpg,buildings
23135.jpg,sea
22950.jpg,mountain
22716.jpg,mountain
21086.jpg,street
21837.jpg,sea
20734.jpg,buildings
23097.jpg,buildings
22279.jpg,mountain
23586.jpg,street
20386.jpg,glacier
20511.jpg,sea
21491.jpg,forest
21037.jpg,sea
20907.jpg,forest
22595.jpg,forest
22315.jpg,buildings
22508.jpg,sea
24322.jpg,buildings
21445.jpg,buildings
23949.jpg,forest
23067.jpg,forest
24215.jpg,buildings
21239.jpg,glacier
23735.jpg,buildings
20358.jpg,glacier
23139.jpg,street
20571.jpg,glacier
20138.jpg,sea
20870.jpg,mountain
22891.jpg,glacier
21106.jpg,forest
20517.jpg,glacier
20345.jpg,glacier
22681.jpg,glacier
24285.jpg,mountain
20605.jpg,forest
21185.jpg,street
24174.jpg,sea
22328.jpg,mountain
22437.jpg,sea
22656.jpg,street
20559.jpg,mountain
21989.jpg,street
22723.jpg,forest
23892.jpg,street
23758.jpg,street
21174.jpg,street
21024.jpg,glacier
21119.jpg,mountain
22886.jpg,glacier
23073.jpg,street
21206.jpg,forest
21187.jpg,forest
24263.jpg,mountain
23747.jpg,forest
20887.jpg,glacier
23617.jpg,mountain
20187.jpg,glacier
24252.jpg,mountain
23402.jpg,forest
21400.jpg,street
24058.jpg,buildings
20060.jpg,buildings
24086.jpg,sea
20991.jpg,mountain
21001.jpg,forest
20833.jpg,forest
20752.jpg,street
21680.jpg,buildings
20663.jpg,buildings
23423.jpg,sea
22677.jpg,street
20074.jpg,buildings
22777.jpg,street
20898.jpg,buildings
21238.jpg,forest
21993.jpg,sea
22761.jpg,mountain
22258.jpg,glacier
23964.jpg,glacier
22014.jpg,forest
20985.jpg,mountain
21576.jpg,glacier
24172.jpg,street
22516.jpg,sea
21662.jpg,sea
22479.jpg,mountain
20679.jpg,sea
22400.jpg,forest
20808.jpg,street
22486.jpg,buildings
20544.jpg,forest
22784.jpg,buildings
21260.jpg,street
22035.jpg,street
21845.jpg,sea
22754.jpg,glacier
22022.jpg,forest
23084.jpg,forest
22487.jpg,sea
22875.jpg,sea
24078.jpg,street
23221.jpg,glacier
21100.jpg,street
22930.jpg,sea
21035.jpg,glacier
22746.jpg,sea
24251.jpg,forest
22102.jpg,sea
23598.jpg,forest
23972.jpg,glacier
23435.jpg,street
20350.jpg,buildings
22568.jpg,buildings
20680.jpg,glacier
23659.jpg,mountain
22382.jpg,mountain
23213.jpg,sea
22678.jpg,sea
20168.jpg,glacier
24229.jpg,buildings
22110.jpg,buildings
24020.jpg,mountain
21506.jpg,street
24275.jpg,buildings
21862.jpg,sea
20753.jpg,sea
23510.jpg,street
23969.jpg,sea
23248.jpg,sea
24292.jpg,street
21016.jpg,forest
20905.jpg,sea
20633.jpg,sea
22089.jpg,sea
21340.jpg,mountain
24169.jpg,mountain
20455.jpg,mountain
24139.jpg,street
21170.jpg,buildings
24319.jpg,mountain
21717.jpg,mountain
23149.jpg,glacier
21146.jpg,glacier
21675.jpg,glacier
23710.jpg,glacier
22813.jpg,buildings
20085.jpg,mountain
22257.jpg,buildings
20750.jpg,street
22846.jpg,mountain
20640.jpg,sea
24171.jpg,glacier
23771.jpg,glacier
20082.jpg,forest
22011.jpg,glacier
21136.jpg,glacier
23481.jpg,glacier
21897.jpg,buildings
23657.jpg,forest
23079.jpg,mountain
20472.jpg,sea
22511.jpg,sea
22525.jpg,glacier
24155.jpg,sea
20355.jpg,mountain
20546.jpg,buildings
23855.jpg,sea
20366.jpg,buildings
23616.jpg,street
21098.jpg,glacier
21011.jpg,buildings
24131.jpg,buildings
21348.jpg,mountain
24088.jpg,sea
22778.jpg,street
21620.jpg,street
22105.jpg,sea
22512.jpg,mountain
23733.jpg,street
20152.jpg,street
24286.jpg,mountain
22997.jpg,sea
22389.jpg,sea
22410.jpg,buildings
20970.jpg,sea
21756.jpg,sea
22356.jpg,street
22598.jpg,street
20812.jpg,street
21286.jpg,buildings
21747.jpg,glacier
23986.jpg,mountain
22982.jpg,glacier
21557.jpg,sea
20631.jpg,glacier
22671.jpg,buildings
23408.jpg,sea
21262.jpg,mountain
24207.jpg,mountain
21703.jpg,buildings
21371.jpg,forest
22639.jpg,forest
20238.jpg,street
24073.jpg,sea
21279.jpg,buildings
22000.jpg,street
24006.jpg,mountain
21383.jpg,sea
23718.jpg,mountain
22160.jpg,mountain
21584.jpg,forest
20976.jpg,mountain
21041.jpg,buildings
21707.jpg,sea
23682.jpg,sea
23955.jpg,sea
21063.jpg,glacier
20572.jpg,street
24122.jpg,sea
22546.jpg,mountain
21937.jpg,sea
20779.jpg,forest
20077.jpg,sea
23868.jpg,mountain
23065.jpg,forest
24228.jpg,forest
22268.jpg,forest
21167.jpg,street
20210.jpg,glacier
22620.jpg,sea
22289.jpg,forest
23522.jpg,mountain
23933.jpg,forest
20228.jpg,buildings
21376.jpg,mountain
23256.jpg,glacier
23675.jpg,buildings
22724.jpg,mountain
24106.jpg,street
23201.jpg,sea
23502.jpg,forest
23798.jpg,forest
20417.jpg,street
21695.jpg,sea
23367.jpg,glacier
23103.jpg,mountain
22304.jpg,glacier
20393.jpg,glacier
21912.jpg,mountain
20253.jpg,glacier
23119.jpg,sea
21613.jpg,sea
22782.jpg,glacier
23205.jpg,sea
21749.jpg,street
23541.jpg,glacier
24166.jpg,glacier
21240.jpg,forest
21734.jpg,mountain
21018.jpg,forest
20566.jpg,glacier
20895.jpg,buildings
24010.jpg,buildings
23807.jpg,glacier
22085.jpg,sea
21724.jpg,street
20592.jpg,street
21759.jpg,sea
21107.jpg,street
21118.jpg,mountain
21917.jpg,mountain
21044.jpg,street
23877.jpg,forest
20328.jpg,forest
20966.jpg,buildings
20834.jpg,sea
22127.jpg,sea
20421.jpg,glacier
23644.jpg,street
21263.jpg,sea
20184.jpg,street
22542.jpg,forest
24328.jpg,mountain
23111.jpg,street
23478.jpg,glacier
20930.jpg,forest
20446.jpg,glacier
20541.jpg,glacier
22394.jpg,mountain
20980.jpg,glacier
23958.jpg,street
20822.jpg,sea
22230.jpg,street
21456.jpg,sea
20327.jpg,mountain
20706.jpg,glacier
20207.jpg,buildings
22143.jpg,glacier
22814.jpg,forest
21544.jpg,mountain
21634.jpg,street
24287.jpg,mountain
23138.jpg,street
22753.jpg,forest
22702.jpg,buildings
21811.jpg,glacier
23886.jpg,buildings
23116.jpg,forest
23779.jpg,street
21141.jpg,buildings
22676.jpg,street
20482.jpg,sea
23292.jpg,glacier
23915.jpg,mountain
23821.jpg,street
22086.jpg,mountain
22978.jpg,buildings
21115.jpg,mountain
22819.jpg,forest
22009.jpg,mountain
22747.jpg,sea
22042.jpg,mountain
22111.jpg,forest
20941.jpg,mountain
21045.jpg,sea
20264.jpg,sea
22166.jpg,street
22673.jpg,street
22301.jpg,street
23698.jpg,forest
21389.jpg,mountain
21721.jpg,street
20642.jpg,street
22488.jpg,mountain
22063.jpg,glacier
20374.jpg,street
21706.jpg,buildings
21352.jpg,forest
20183.jpg,street
22626.jpg,forest
23852.jpg,forest
22034.jpg,sea
23100.jpg,buildings
20893.jpg,sea
24000.jpg,sea
23127.jpg,street
23164.jpg,glacier
23709.jpg,forest
20568.jpg,forest
23611.jpg,street
21605.jpg,glacier
21083.jpg,sea
20554.jpg,glacier
22186.jpg,sea
23242.jpg,forest
20265.jpg,sea
20319.jpg,forest
22197.jpg,forest
22249.jpg,street
20409.jpg,glacier
24190.jpg,mountain
23037.jpg,mountain
22376.jpg,forest
22330.jpg,buildings
21479.jpg,street
22812.jpg,buildings
23797.jpg,mountain
23716.jpg,mountain
20394.jpg,buildings
21128.jpg,sea
23144.jpg,buildings
24209.jpg,sea
22088.jpg,buildings
20078.jpg,buildings
21513.jpg,sea
22070.jpg,mountain
23169.jpg,mountain
24206.jpg,forest
21319.jpg,buildings
22809.jpg,sea
24212.jpg,street
23496.jpg,mountain
20670.jpg,street
20703.jpg,mountain
21497.jpg,forest
22987.jpg,buildings
23527.jpg,buildings
21212.jpg,forest
23003.jpg,buildings
23041.jpg,buildings
21898.jpg,sea
23511.jpg,mountain
21081.jpg,street
22779.jpg,street
23026.jpg,mountain
23185.jpg,forest
24016.jpg,forest
21555.jpg,buildings
22341.jpg,street
22919.jpg,glacier
22856.jpg,buildings
22251.jpg,mountain
23236.jpg,mountain
23237.jpg,sea
23818.jpg,forest
22617.jpg,mountain
20536.jpg,buildings
23883.jpg,glacier
21342.jpg,sea
23274.jpg,mountain
21813.jpg,mountain
23118.jpg,street
24201.jpg,sea
20806.jpg,street
23390.jpg,street
22686.jpg,street
21770.jpg,mountain
20487.jpg,street
23042.jpg,sea
20860.jpg,glacier
22384.jpg,buildings
21904.jpg,forest
22354.jpg,sea
24301.jpg,sea
23782.jpg,forest
23392.jpg,glacier
23337.jpg,street
23531.jpg,mountain
20719.jpg,street
24126.jpg,sea
23869.jpg,glacier
20765.jpg,street
21911.jpg,street
23363.jpg,mountain
21777.jpg,mountain
23888.jpg,glacier
22428.jpg,street
22390.jpg,glacier
24274.jpg,sea
24304.jpg,sea
22192.jpg,mountain
20307.jpg,glacier
23536.jpg,sea
21150.jpg,forest
20550.jpg,buildings
23053.jpg,forest
20477.jpg,glacier
22687.jpg,sea
23640.jpg,forest
21060.jpg,glacier
21670.jpg,buildings
22073.jpg,buildings
24273.jpg,mountain
20646.jpg,buildings
20685.jpg,forest
20114.jpg,sea
20650.jpg,forest
21640.jpg,street
22184.jpg,glacier
23472.jpg,forest
22851.jpg,glacier
20581.jpg,buildings
22647.jpg,mountain
23317.jpg,buildings
21034.jpg,street
21797.jpg,sea
22386.jpg,sea
22653.jpg,glacier
22179.jpg,forest
23409.jpg,buildings
21844.jpg,mountain
23362.jpg,buildings
23260.jpg,glacier
23695.jpg,forest
20771.jpg,buildings
23282.jpg,mountain
20982.jpg,sea
22935.jpg,street
20686.jpg,forest
20416.jpg,forest
20935.jpg,street
20847.jpg,mountain
20815.jpg,glacier
22990.jpg,sea
20400.jpg,forest
20485.jpg,forest
22823.jpg,street
21043.jpg,glacier
23445.jpg,glacier
22071.jpg,glacier
20897.jpg,street
21853.jpg,street
22144.jpg,forest
20953.jpg,street
20495.jpg,glacier
23380.jpg,forest
22870.jpg,street
24247.jpg,mountain
22262.jpg,sea
20315.jpg,forest
24175.jpg,street
23224.jpg,mountain
22120.jpg,street
22763.jpg,forest
20242.jpg,forest
22983.jpg,glacier
20769.jpg,sea
23285.jpg,glacier
20864.jpg,street
21464.jpg,glacier
21036.jpg,mountain
22295.jpg,buildings
21355.jpg,street
21851.jpg,mountain
20996.jpg,forest
20867.jpg,mountain
22147.jpg,sea
22689.jpg,street
23055.jpg,buildings
21406.jpg,sea
22992.jpg,mountain
20723.jpg,buildings
20241.jpg,street
20424.jpg,buildings
21630.jpg,buildings
23301.jpg,street
22635.jpg,glacier
20611.jpg,buildings
22440.jpg,sea
20664.jpg,sea
22836.jpg,mountain
23360.jpg,forest
21499.jpg,street
22026.jpg,glacier
21269.jpg,glacier
20904.jpg,buildings
23642.jpg,street
20363.jpg,mountain
23155.jpg,street
22534.jpg,street
20582.jpg,forest
20596.jpg,forest
24204.jpg,mountain
23195.jpg,street
20884.jpg,street
22128.jpg,forest
23794.jpg,forest
21418.jpg,sea
22096.jpg,forest
23995.jpg,street
20095.jpg,forest
23637.jpg,street
20413.jpg,glacier
22355.jpg,forest
21305.jpg,street
22239.jpg,glacier
20694.jpg,sea
20683.jpg,buildings
20486.jpg,glacier
21827.jpg,buildings
24094.jpg,glacier
20229.jpg,forest
22869.jpg,glacier
23443.jpg,glacier
23351.jpg,sea
23851.jpg,sea
24325.jpg,sea
20211.jpg,glacier
21120.jpg,street
21790.jpg,sea
23503.jpg,forest
20665.jpg,street
22748.jpg,forest
21258.jpg,sea
20597.jpg,buildings
20439.jpg,forest
21485.jpg,buildings
21349.jpg,mountain
24267.jpg,glacier
24097.jpg,street
21624.jpg,sea
20586.jpg,street
20297.jpg,street
23594.jpg,buildings
22353.jpg,sea
24197.jpg,buildings
23075.jpg,street
20584.jpg,mountain
21674.jpg,street
23647.jpg,mountain
21155.jpg,glacier
21978.jpg,mountain
22789.jpg,forest
24160.jpg,buildings
23813.jpg,forest
24223.jpg,buildings
23171.jpg,mountain
22998.jpg,glacier
22121.jpg,sea
22426.jpg,street
20937.jpg,street
23411.jpg,street
20900.jpg,forest
21232.jpg,buildings
21846.jpg,sea
20958.jpg,forest
24317.jpg,street
20418.jpg,glacier
23027.jpg,sea
20489.jpg,glacier
21214.jpg,mountain
23589.jpg,glacier
20906.jpg,glacier
21149.jpg,glacier
21154.jpg,street
22253.jpg,mountain
22900.jpg,street
22441.jpg,sea
22379.jpg,glacier
23737.jpg,buildings
22266.jpg,street
21950.jpg,glacier
23296.jpg,glacier
20134.jpg,forest
24087.jpg,buildings
22027.jpg,mountain
24120.jpg,buildings
22965.jpg,street
20892.jpg,street
22800.jpg,glacier
23049.jpg,sea
23359.jpg,buildings
20756.jpg,forest
22672.jpg,glacier
22219.jpg,sea
22767.jpg,glacier
22562.jpg,buildings
22343.jpg,mountain
20447.jpg,forest
23871.jpg,glacier
22320.jpg,glacier
23919.jpg,sea
21689.jpg,buildings
21411.jpg,glacier
23896.jpg,mountain
23759.jpg,sea
21631.jpg,buildings
21317.jpg,forest
23131.jpg,glacier
23022.jpg,sea
23188.jpg,buildings
22159.jpg,mountain
20608.jpg,mountain
22679.jpg,sea
22237.jpg,sea
21366.jpg,forest
20140.jpg,buildings
22571.jpg,street
23404.jpg,buildings
22125.jpg,forest
22834.jpg,sea
23159.jpg,buildings
24043.jpg,mountain
23490.jpg,forest
23509.jpg,forest
20617.jpg,mountain
20059.jpg,glacier
23452.jpg,sea
22759.jpg,buildings
20427.jpg,mountain
21999.jpg,sea
20558.jpg,street
23376.jpg,forest
20379.jpg,mountain
21431.jpg,forest
20467.jpg,glacier
23723.jpg,forest
22882.jpg,glacier
24271.jpg,buildings
20444.jpg,mountain
22141.jpg,mountain
21399.jpg,buildings
20123.jpg,mountain
23620.jpg,sea
23151.jpg,glacier
23175.jpg,buildings
20603.jpg,glacier
22452.jpg,street
20162.jpg,street
23505.jpg,buildings
22938.jpg,street
21292.jpg,sea
22540.jpg,forest
21353.jpg,mountain
20465.jpg,buildings
23016.jpg,glacier
23612.jpg,buildings
20595.jpg,sea
23653.jpg,glacier
21545.jpg,glacier
23804.jpg,sea
21465.jpg,sea
22850.jpg,glacier
22564.jpg,mountain
22941.jpg,buildings
21908.jpg,street
20346.jpg,buildings
20476.jpg,sea
22460.jpg,street
22879.jpg,street
23193.jpg,buildings
23925.jpg,forest
22920.jpg,sea
20246.jpg,street
21162.jpg,mountain
21587.jpg,forest
21354.jpg,street
21856.jpg,street
23624.jpg,sea
22431.jpg,mountain
23854.jpg,buildings
22971.jpg,street
21199.jpg,mountain
21396.jpg,mountain
21623.jpg,sea
23048.jpg,buildings
23123.jpg,forest
22911.jpg,buildings
23475.jpg,buildings
23762.jpg,glacier
22269.jpg,buildings
22741.jpg,street
22149.jpg,forest
21017.jpg,buildings
20167.jpg,sea
20115.jpg,sea
22284.jpg,buildings
21378.jpg,sea
